,_id,name,age,sex,martial_status,education,schooling_status,AADHAR_No,has_bank_acc,is_computer_literate,has_SSP,health_prob,has_MNREGA,SHG,occupations,__id
0,6353e6c6e10045213e4835a9,Mayuresh,20,Male,U,College,3 year,1234,True,True,True,None,True,True,Student,6353e6c3e10045213e4835a6
1,6353e6c6e10045213e4835aa,Anmol,20,Male,U,College,3 year,2345,True,True,True,None,True,True,Student,6353e6c3e10045213e4835a6
2,6353e6c6e10045213e4835ab,Hemanth,20,Male,U,College,3 year,3456,True,True,True,None,True,True,Student,6353e6c3e10045213e4835a6
3,6353e6c6e10045213e4835ac,Gargi,20,Female,U,College,3 year,4567,True,True,True,None,True,True,Student,6353e6c3e10045213e4835a6
4,6353f4ba5e34323ab1d52692,Mayuresh,20,Male,U,College,3 year,1234,True,True,True,None,True,True,Student,6353f4ba5e34323ab1d5268f
5,6353f4ba5e34323ab1d52693,Anmol,20,Male,U,College,3 year,2345,True,True,True,None,True,True,Student,6353f4ba5e34323ab1d5268f
6,6353f4ba5e34323ab1d52694,Hemanth,20,Male,U,College,3 year,3456,True,True,True,None,True,True,Student,6353f4ba5e34323ab1d5268f
7,6353f4ba5e34323ab1d52695,Gargi,20,Female,U,College,3 year,4567,True,True,True,None,True,True,Student,6353f4ba5e34323ab1d5268f
8,6353fe814d4a09529d7c4602,Mayuresh,20,Male,U,College,3 year,1234,True,True,True,None,True,True,Student,6353fe804d4a09529d7c45ff
9,6353fe814d4a09529d7c4603,Anmol,20,Male,U,College,3 year,2345,True,True,True,None,True,True,Student,6353fe804d4a09529d7c45ff
10,6353fe814d4a09529d7c4604,Hemanth,20,Male,U,College,3 year,3456,True,True,True,None,True,True,Student,6353fe804d4a09529d7c45ff
11,6353fe814d4a09529d7c4605,Gargi,20,Female,U,College,3 year,4567,True,True,True,None,True,True,Student,6353fe804d4a09529d7c45ff
12,63564101789e6aaf7f0ff8cf,Mayuresh,20,Male,U,College,3 year,1234,True,True,True,None,True,True,Student,63564100789e6aaf7f0ff8cc
13,63564101789e6aaf7f0ff8d0,Anmol,20,Male,U,College,3 year,2345,True,True,True,None,True,True,Student,63564100789e6aaf7f0ff8cc
14,63564101789e6aaf7f0ff8d1,Hemanth,20,Male,U,College,3 year,3456,True,True,True,None,True,True,Student,63564100789e6aaf7f0ff8cc
15,63564101789e6aaf7f0ff8d2,Gargi,20,Female,U,College,3 year,4567,True,True,True,None,True,True,Student,63564100789e6aaf7f0ff8cc
16,6356841c6239429e9ec6122a,Mayuresh,20,Male,U,College,3 year,1234,True,True,True,None,True,True,Student,6356841b6239429e9ec61227
17,6356841c6239429e9ec6122b,Anmol,20,Male,U,College,3 year,2345,True,True,True,None,True,True,Student,6356841b6239429e9ec61227
18,6356841c6239429e9ec6122c,Hemanth,20,Male,U,College,3 year,3456,True,True,True,None,True,True,Student,6356841b6239429e9ec61227
19,6356841c6239429e9ec6122d,Gargi,20,Female,U,College,3 year,4567,True,True,True,None,True,True,Student,6356841b6239429e9ec61227
20,635771f798da8b98bcddcc8d,Mayuresh,20,Male,U,College,3 year,1234,True,True,True,None,True,True,Student,635771f798da8b98bcddcc8a
21,635771f798da8b98bcddcc8e,Anmol,20,Male,U,College,3 year,2345,True,True,True,None,True,True,Student,635771f798da8b98bcddcc8a
22,635771f798da8b98bcddcc8f,Hemanth,20,Male,U,College,3 year,3456,True,True,True,None,True,True,Student,635771f798da8b98bcddcc8a
23,635771f798da8b98bcddcc90,Gargi,20,Female,U,College,3 year,4567,True,True,True,None,True,True,Student,635771f798da8b98bcddcc8a
24,63578185541ca16808edefbe,Mayuresh,20,Male,U,College,3 year,1234,True,True,True,None,True,True,Student,63578184541ca16808edefbb
25,63578185541ca16808edefbf,Anmol,20,Male,U,College,3 year,2345,True,True,True,None,True,True,Student,63578184541ca16808edefbb
26,63578185541ca16808edefc0,Hemanth,20,Male,U,College,3 year,3456,True,True,True,None,True,True,Student,63578184541ca16808edefbb
27,63578185541ca16808edefc1,Gargi,20,Female,U,College,3 year,4567,True,True,True,None,True,True,Student,63578184541ca16808edefbb
28,6357b81c267dfc8b5f2b8dbb,Mayuresh,20,Male,U,College,3 year,1234,True,True,True,None,True,True,Student,6357b81c267dfc8b5f2b8db8
29,6357b81c267dfc8b5f2b8dbc,Anmol,20,Male,U,College,3 year,2345,True,True,True,None,True,True,Student,6357b81c267dfc8b5f2b8db8
30,6357b81c267dfc8b5f2b8dbd,Hemanth,20,Male,U,College,3 year,3456,True,True,True,None,True,True,Student,6357b81c267dfc8b5f2b8db8
31,6357b81c267dfc8b5f2b8dbe,Gargi,20,Female,U,College,3 year,4567,True,True,True,None,True,True,Student,6357b81c267dfc8b5f2b8db8
32,6357c46b4c76f4f25afe2d37,Mayuresh,20,Male,U,College,3 year,1234,True,True,True,None,True,True,Student,6357c46a4c76f4f25afe2d34
33,6357c46b4c76f4f25afe2d38,Anmol,20,Male,U,College,3 year,2345,True,True,True,None,True,True,Student,6357c46a4c76f4f25afe2d34
34,6357c46b4c76f4f25afe2d39,Hemanth,20,Male,U,College,3 year,3456,True,True,True,None,True,True,Student,6357c46a4c76f4f25afe2d34
35,6357c46b4c76f4f25afe2d3a,Gargi,20,Female,U,College,3 year,4567,True,True,True,None,True,True,Student,6357c46a4c76f4f25afe2d34
36,6357c4b96a86421101b0aab9,Mayuresh,20,Male,U,College,3 year,1234,True,True,True,None,True,True,Student,6357c4b96a86421101b0aab6
37,6357c4b96a86421101b0aaba,Anmol,20,Male,U,College,3 year,2345,True,True,True,None,True,True,Student,6357c4b96a86421101b0aab6
38,6357c4b96a86421101b0aabb,Hemanth,20,Male,U,College,3 year,3456,True,True,True,None,True,True,Student,6357c4b96a86421101b0aab6
39,6357c4b96a86421101b0aabc,Gargi,20,Female,U,College,3 year,4567,True,True,True,None,True,True,Student,6357c4b96a86421101b0aab6
40,6357c735492b489bfa3e124c,Mayuresh,20,Male,U,College,3 year,1234,True,True,True,None,True,True,Student,6357c734492b489bfa3e1249
41,6357c735492b489bfa3e124d,Anmol,20,Male,U,College,3 year,2345,True,True,True,None,True,True,Student,6357c734492b489bfa3e1249
42,6357c735492b489bfa3e124e,Hemanth,20,Male,U,College,3 year,3456,True,True,True,None,True,True,Student,6357c734492b489bfa3e1249
43,6357c735492b489bfa3e124f,Gargi,20,Female,U,College,3 year,4567,True,True,True,None,True,True,Student,6357c734492b489bfa3e1249
44,6357ccdac36ac55f992f3ef3,Mayuresh,20,Male,U,College,3 year,1234,True,True,True,None,True,True,Student,6357ccd9c36ac55f992f3ef0
45,6357ccdac36ac55f992f3ef4,Anmol,20,Male,U,College,3 year,2345,True,True,True,None,True,True,Student,6357ccd9c36ac55f992f3ef0
46,6357ccdac36ac55f992f3ef5,Hemanth,20,Male,U,College,3 year,3456,True,True,True,None,True,True,Student,6357ccd9c36ac55f992f3ef0
47,6357ccdac36ac55f992f3ef6,Gargi,20,Female,U,College,3 year,4567,True,True,True,None,True,True,Student,6357ccd9c36ac55f992f3ef0
48,6357cf6b5d2fedc5a584cf91,Mayuresh,20,Male,U,College,3 year,1234,True,True,True,None,True,True,Student,6357cf6a5d2fedc5a584cf8e
49,6357cf6b5d2fedc5a584cf92,Anmol,20,Male,U,College,3 year,2345,True,True,True,None,True,True,Student,6357cf6a5d2fedc5a584cf8e
50,6357cf6b5d2fedc5a584cf93,Hemanth,20,Male,U,College,3 year,3456,True,True,True,None,True,True,Student,6357cf6a5d2fedc5a584cf8e
51,6357cf6b5d2fedc5a584cf94,Gargi,20,Female,U,College,3 year,4567,True,True,True,None,True,True,Student,6357cf6a5d2fedc5a584cf8e
52,6357cff95d2fedc5a584cfa1,Mayuresh,20,Male,U,College,3 year,1234,True,True,True,None,True,True,Student,6357cff95d2fedc5a584cf9e
53,6357cff95d2fedc5a584cfa2,Anmol,20,Male,U,College,3 year,2345,True,True,True,None,True,True,Student,6357cff95d2fedc5a584cf9e
54,6357cff95d2fedc5a584cfa3,Hemanth,20,Male,U,College,3 year,3456,True,True,True,None,True,True,Student,6357cff95d2fedc5a584cf9e
55,6357cff95d2fedc5a584cfa4,Gargi,20,Female,U,College,3 year,4567,True,True,True,None,True,True,Student,6357cff95d2fedc5a584cf9e
56,6357d03bcd671b45d68ea657,Mayuresh,20,Male,U,College,3 year,1234,True,True,True,None,True,True,Student,6357d03bcd671b45d68ea654
57,6357d03bcd671b45d68ea658,Anmol,20,Male,U,College,3 year,2345,True,True,True,None,True,True,Student,6357d03bcd671b45d68ea654
58,6357d03bcd671b45d68ea659,Hemanth,20,Male,U,College,3 year,3456,True,True,True,None,True,True,Student,6357d03bcd671b45d68ea654
59,6357d03bcd671b45d68ea65a,Gargi,20,Female,U,College,3 year,4567,True,True,True,None,True,True,Student,6357d03bcd671b45d68ea654
60,6357d096cdc1e4f4ae16ca43,Mayuresh,20,Male,U,College,3 year,1234,True,True,True,None,True,True,Student,6357d095cdc1e4f4ae16ca40
61,6357d096cdc1e4f4ae16ca44,Anmol,20,Male,U,College,3 year,2345,True,True,True,None,True,True,Student,6357d095cdc1e4f4ae16ca40
62,6357d096cdc1e4f4ae16ca45,Hemanth,20,Male,U,College,3 year,3456,True,True,True,None,True,True,Student,6357d095cdc1e4f4ae16ca40
63,6357d096cdc1e4f4ae16ca46,Gargi,20,Female,U,College,3 year,4567,True,True,True,None,True,True,Student,6357d095cdc1e4f4ae16ca40
64,6357d0bccdc1e4f4ae16ca54,Mayuresh,20,Male,U,College,3 year,1234,True,True,True,None,True,True,Student,6357d0bccdc1e4f4ae16ca51
65,6357d0bccdc1e4f4ae16ca55,Anmol,20,Male,U,College,3 year,2345,True,True,True,None,True,True,Student,6357d0bccdc1e4f4ae16ca51
66,6357d0bccdc1e4f4ae16ca56,Hemanth,20,Male,U,College,3 year,3456,True,True,True,None,True,True,Student,6357d0bccdc1e4f4ae16ca51
67,6357d0bccdc1e4f4ae16ca57,Gargi,20,Female,U,College,3 year,4567,True,True,True,None,True,True,Student,6357d0bccdc1e4f4ae16ca51
68,6357d0e8cdc1e4f4ae16ca65,Mayuresh,20,Male,U,College,3 year,1234,True,True,True,None,True,True,Student,6357d0e8cdc1e4f4ae16ca62
69,6357d0e8cdc1e4f4ae16ca66,Anmol,20,Male,U,College,3 year,2345,True,True,True,None,True,True,Student,6357d0e8cdc1e4f4ae16ca62
70,6357d0e8cdc1e4f4ae16ca67,Hemanth,20,Male,U,College,3 year,3456,True,True,True,None,True,True,Student,6357d0e8cdc1e4f4ae16ca62
71,6357d0e8cdc1e4f4ae16ca68,Gargi,20,Female,U,College,3 year,4567,True,True,True,None,True,True,Student,6357d0e8cdc1e4f4ae16ca62
72,6357d10ae3cc3d0261f94674,Mayuresh,20,Male,U,College,3 year,1234,True,True,True,None,True,True,Student,6357d109e3cc3d0261f94671
73,6357d10ae3cc3d0261f94675,Anmol,20,Male,U,College,3 year,2345,True,True,True,None,True,True,Student,6357d109e3cc3d0261f94671
74,6357d10ae3cc3d0261f94676,Hemanth,20,Male,U,College,3 year,3456,True,True,True,None,True,True,Student,6357d109e3cc3d0261f94671
75,6357d10ae3cc3d0261f94677,Gargi,20,Female,U,College,3 year,4567,True,True,True,None,True,True,Student,6357d109e3cc3d0261f94671
76,6357e60e5c9b36349ae33111,Mayuresh,20,Male,U,College,3 year,1234,True,True,True,None,True,True,Student,6357e60e5c9b36349ae3310e
77,6357e60e5c9b36349ae33112,Anmol,20,Male,U,College,3 year,2345,True,True,True,None,True,True,Student,6357e60e5c9b36349ae3310e
78,6357e60e5c9b36349ae33113,Hemanth,20,Male,U,College,3 year,3456,True,True,True,None,True,True,Student,6357e60e5c9b36349ae3310e
79,6357e60e5c9b36349ae33114,Gargi,20,Female,U,College,3 year,4567,True,True,True,None,True,True,Student,6357e60e5c9b36349ae3310e
80,6357edccd886876adaa3327f,Mayuresh,20,Male,U,College,3 year,1234,True,True,True,None,True,True,Student,6357edccd886876adaa3327c
81,6357edccd886876adaa33280,Anmol,20,Male,U,College,3 year,2345,True,True,True,None,True,True,Student,6357edccd886876adaa3327c
82,6357edccd886876adaa33281,Hemanth,20,Male,U,College,3 year,3456,True,True,True,None,True,True,Student,6357edccd886876adaa3327c
83,6357edccd886876adaa33282,Gargi,20,Female,U,College,3 year,4567,True,True,True,None,True,True,Student,6357edccd886876adaa3327c
84,6357eef137f538cf6cf777fa,Mayuresh,20,Male,U,College,3 year,1234,True,True,True,None,True,True,Student,6357eef037f538cf6cf777f7
85,6357eef137f538cf6cf777fb,Anmol,20,Male,U,College,3 year,2345,True,True,True,None,True,True,Student,6357eef037f538cf6cf777f7
86,6357eef137f538cf6cf777fc,Hemanth,20,Male,U,College,3 year,3456,True,True,True,None,True,True,Student,6357eef037f538cf6cf777f7
87,6357eef137f538cf6cf777fd,Gargi,20,Female,U,College,3 year,4567,True,True,True,None,True,True,Student,6357eef037f538cf6cf777f7
88,6357f109844d595746fd4e74,Mayuresh,20,Male,U,College,3 year,1234,True,True,True,None,True,True,Student,6357f109844d595746fd4e71
89,6357f109844d595746fd4e75,Anmol,20,Male,U,College,3 year,2345,True,True,True,None,True,True,Student,6357f109844d595746fd4e71
90,6357f109844d595746fd4e76,Hemanth,20,Male,U,College,3 year,3456,True,True,True,None,True,True,Student,6357f109844d595746fd4e71
91,6357f109844d595746fd4e77,Gargi,20,Female,U,College,3 year,4567,True,True,True,None,True,True,Student,6357f109844d595746fd4e71
92,6357f15d844d595746fd4e86,Mayuresh,20,Male,U,College,3 year,1234,True,True,True,None,True,True,Student,6357f15c844d595746fd4e83
93,6357f15d844d595746fd4e87,Anmol,20,Male,U,College,3 year,2345,True,True,True,None,True,True,Student,6357f15c844d595746fd4e83
94,6357f15d844d595746fd4e88,Hemanth,20,Male,U,College,3 year,3456,True,True,True,None,True,True,Student,6357f15c844d595746fd4e83
95,6357f15d844d595746fd4e89,Gargi,20,Female,U,College,3 year,4567,True,True,True,None,True,True,Student,6357f15c844d595746fd4e83
96,6357f16c844d595746fd4e97,Mayuresh,20,Male,U,College,3 year,1234,True,True,True,None,True,True,Student,6357f16b844d595746fd4e94
97,6357f16c844d595746fd4e98,Anmol,20,Male,U,College,3 year,2345,True,True,True,None,True,True,Student,6357f16b844d595746fd4e94
98,6357f16c844d595746fd4e99,Hemanth,20,Male,U,College,3 year,3456,True,True,True,None,True,True,Student,6357f16b844d595746fd4e94
99,6357f16c844d595746fd4e9a,Gargi,20,Female,U,College,3 year,4567,True,True,True,None,True,True,Student,6357f16b844d595746fd4e94
100,6357f60c16f2e59297778589,Mayuresh,20,Male,U,College,3 year,1234,True,True,True,None,True,True,Student,6357f60b16f2e59297778586
101,6357f60c16f2e5929777858a,Anmol,20,Male,U,College,3 year,2345,True,True,True,None,True,True,Student,6357f60b16f2e59297778586
102,6357f60c16f2e5929777858b,Hemanth,20,Male,U,College,3 year,3456,True,True,True,None,True,True,Student,6357f60b16f2e59297778586
103,6357f60c16f2e5929777858c,Gargi,20,Female,U,College,3 year,4567,True,True,True,None,True,True,Student,6357f60b16f2e59297778586
104,6357facd7fc70c0cb0ba4b5a,Mayuresh,20,Male,U,College,3 year,1234,True,True,True,None,True,True,Student,6357facc7fc70c0cb0ba4b57
105,6357facd7fc70c0cb0ba4b5b,Anmol,20,Male,U,College,3 year,2345,True,True,True,None,True,True,Student,6357facc7fc70c0cb0ba4b57
106,6357facd7fc70c0cb0ba4b5c,Hemanth,20,Male,U,College,3 year,3456,True,True,True,None,True,True,Student,6357facc7fc70c0cb0ba4b57
107,6357facd7fc70c0cb0ba4b5d,Gargi,20,Female,U,College,3 year,4567,True,True,True,None,True,True,Student,6357facc7fc70c0cb0ba4b57
108,6358100b0367d83c9e3ce3f4,Mayuresh,20,Male,U,College,3 year,1234,True,True,True,None,True,True,Student,6358100b0367d83c9e3ce3f1
109,6358100b0367d83c9e3ce3f5,Anmol,20,Male,U,College,3 year,2345,True,True,True,None,True,True,Student,6358100b0367d83c9e3ce3f1
110,6358100b0367d83c9e3ce3f6,Hemanth,20,Male,U,College,3 year,3456,True,True,True,None,True,True,Student,6358100b0367d83c9e3ce3f1
111,6358100b0367d83c9e3ce3f7,Gargi,20,Female,U,College,3 year,4567,True,True,True,None,True,True,Student,6358100b0367d83c9e3ce3f1
112,635810640367d83c9e3ce406,Mayuresh,20,Male,U,College,3 year,1234,True,True,True,None,True,True,Student,635810630367d83c9e3ce403
113,635810640367d83c9e3ce407,Anmol,20,Male,U,College,3 year,2345,True,True,True,None,True,True,Student,635810630367d83c9e3ce403
114,635810640367d83c9e3ce408,Hemanth,20,Male,U,College,3 year,3456,True,True,True,None,True,True,Student,635810630367d83c9e3ce403
115,635810640367d83c9e3ce409,Gargi,20,Female,U,College,3 year,4567,True,True,True,None,True,True,Student,635810630367d83c9e3ce403
116,635810a10367d83c9e3ce418,Mayuresh,20,Male,U,College,3 year,1234,True,True,True,None,True,True,Student,635810a00367d83c9e3ce415
117,635810a10367d83c9e3ce419,Anmol,20,Male,U,College,3 year,2345,True,True,True,None,True,True,Student,635810a00367d83c9e3ce415
118,635810a10367d83c9e3ce41a,Hemanth,20,Male,U,College,3 year,3456,True,True,True,None,True,True,Student,635810a00367d83c9e3ce415
119,635810a10367d83c9e3ce41b,Gargi,20,Female,U,College,3 year,4567,True,True,True,None,True,True,Student,635810a00367d83c9e3ce415
120,63581860967ab1b1de628cbb,Mayuresh,20,Male,U,College,3 year,1234,True,True,True,None,True,True,Student,6358185f967ab1b1de628cb8
121,63581860967ab1b1de628cbc,Anmol,20,Male,U,College,3 year,2345,True,True,True,None,True,True,Student,6358185f967ab1b1de628cb8
122,63581860967ab1b1de628cbd,Hemanth,20,Male,U,College,3 year,3456,True,True,True,None,True,True,Student,6358185f967ab1b1de628cb8
123,63581860967ab1b1de628cbe,Gargi,20,Female,U,College,3 year,4567,True,True,True,None,True,True,Student,6358185f967ab1b1de628cb8
124,635819662d06f7ad737f732e,Mayuresh,20,Male,U,College,3 year,1234,True,True,True,None,True,True,Student,635819652d06f7ad737f732b
125,635819662d06f7ad737f732f,Anmol,20,Male,U,College,3 year,2345,True,True,True,None,True,True,Student,635819652d06f7ad737f732b
126,635819662d06f7ad737f7330,Hemanth,20,Male,U,College,3 year,3456,True,True,True,None,True,True,Student,635819652d06f7ad737f732b
127,635819662d06f7ad737f7331,Gargi,20,Female,U,College,3 year,4567,True,True,True,None,True,True,Student,635819652d06f7ad737f732b
128,6358196c5a78970cea47a879,Mayuresh,20,Male,U,College,3 year,1234,True,True,True,None,True,True,Student,6358196b5a78970cea47a876
129,6358196c5a78970cea47a87a,Anmol,20,Male,U,College,3 year,2345,True,True,True,None,True,True,Student,6358196b5a78970cea47a876
130,6358196c5a78970cea47a87b,Hemanth,20,Male,U,College,3 year,3456,True,True,True,None,True,True,Student,6358196b5a78970cea47a876
131,6358196c5a78970cea47a87c,Gargi,20,Female,U,College,3 year,4567,True,True,True,None,True,True,Student,6358196b5a78970cea47a876
132,635819e65a78970cea47a889,Mayuresh,20,Male,U,College,3 year,1234,True,True,True,None,True,True,Student,635819e55a78970cea47a886
133,635819e65a78970cea47a88a,Anmol,20,Male,U,College,3 year,2345,True,True,True,None,True,True,Student,635819e55a78970cea47a886
134,635819e65a78970cea47a88b,Hemanth,20,Male,U,College,3 year,3456,True,True,True,None,True,True,Student,635819e55a78970cea47a886
135,635819e65a78970cea47a88c,Gargi,20,Female,U,College,3 year,4567,True,True,True,None,True,True,Student,635819e55a78970cea47a886
136,635819e82d06f7ad737f733e,Mayuresh,20,Male,U,College,3 year,1234,True,True,True,None,True,True,Student,635819e72d06f7ad737f733b
137,635819e82d06f7ad737f733f,Anmol,20,Male,U,College,3 year,2345,True,True,True,None,True,True,Student,635819e72d06f7ad737f733b
138,635819e82d06f7ad737f7340,Hemanth,20,Male,U,College,3 year,3456,True,True,True,None,True,True,Student,635819e72d06f7ad737f733b
139,635819e82d06f7ad737f7341,Gargi,20,Female,U,College,3 year,4567,True,True,True,None,True,True,Student,635819e72d06f7ad737f733b
140,635819edd5ee746de45039c7,Mayuresh,20,Male,U,College,3 year,1234,True,True,True,None,True,True,Student,635819ecd5ee746de45039c4
141,635819edd5ee746de45039c8,Anmol,20,Male,U,College,3 year,2345,True,True,True,None,True,True,Student,635819ecd5ee746de45039c4
142,635819edd5ee746de45039c9,Hemanth,20,Male,U,College,3 year,3456,True,True,True,None,True,True,Student,635819ecd5ee746de45039c4
143,635819edd5ee746de45039ca,Gargi,20,Female,U,College,3 year,4567,True,True,True,None,True,True,Student,635819ecd5ee746de45039c4
144,63581a73d5ee746de45039d7,Mayuresh,20,Male,U,College,3 year,1234,True,True,True,None,True,True,Student,63581a72d5ee746de45039d4
145,63581a73d5ee746de45039d8,Anmol,20,Male,U,College,3 year,2345,True,True,True,None,True,True,Student,63581a72d5ee746de45039d4
146,63581a73d5ee746de45039d9,Hemanth,20,Male,U,College,3 year,3456,True,True,True,None,True,True,Student,63581a72d5ee746de45039d4
147,63581a73d5ee746de45039da,Gargi,20,Female,U,College,3 year,4567,True,True,True,None,True,True,Student,63581a72d5ee746de45039d4
148,63581a752d06f7ad737f734e,Mayuresh,20,Male,U,College,3 year,1234,True,True,True,None,True,True,Student,63581a745a78970cea47a896
149,63581a752d06f7ad737f734f,Anmol,20,Male,U,College,3 year,2345,True,True,True,None,True,True,Student,63581a745a78970cea47a896
150,63581a752d06f7ad737f7350,Hemanth,20,Male,U,College,3 year,3456,True,True,True,None,True,True,Student,63581a745a78970cea47a896
151,63581a752d06f7ad737f7351,Gargi,20,Female,U,College,3 year,4567,True,True,True,None,True,True,Student,63581a745a78970cea47a896
152,63581a755a78970cea47a899,Mayuresh,20,Male,U,College,3 year,1234,True,True,True,None,True,True,Student,63581a745a78970cea47a896
153,63581a755a78970cea47a89a,Anmol,20,Male,U,College,3 year,2345,True,True,True,None,True,True,Student,63581a745a78970cea47a896
154,63581a755a78970cea47a89b,Hemanth,20,Male,U,College,3 year,3456,True,True,True,None,True,True,Student,63581a745a78970cea47a896
155,63581a755a78970cea47a89c,Gargi,20,Female,U,College,3 year,4567,True,True,True,None,True,True,Student,63581a745a78970cea47a896
156,63581a7909f277fb51d4b913,Mayuresh,20,Male,U,College,3 year,1234,True,True,True,None,True,True,Student,63581a7809f277fb51d4b910
157,63581a7909f277fb51d4b914,Anmol,20,Male,U,College,3 year,2345,True,True,True,None,True,True,Student,63581a7809f277fb51d4b910
158,63581a7909f277fb51d4b915,Hemanth,20,Male,U,College,3 year,3456,True,True,True,None,True,True,Student,63581a7809f277fb51d4b910
159,63581a7909f277fb51d4b916,Gargi,20,Female,U,College,3 year,4567,True,True,True,None,True,True,Student,63581a7809f277fb51d4b910
160,63581b1470cdcf60ef1b8859,Mayuresh,20,Male,U,College,3 year,1234,True,True,True,None,True,True,Student,63581b1370cdcf60ef1b8856
161,63581b1470cdcf60ef1b885a,Anmol,20,Male,U,College,3 year,2345,True,True,True,None,True,True,Student,63581b1370cdcf60ef1b8856
162,63581b1470cdcf60ef1b885b,Hemanth,20,Male,U,College,3 year,3456,True,True,True,None,True,True,Student,63581b1370cdcf60ef1b8856
163,63581b1470cdcf60ef1b885c,Gargi,20,Female,U,College,3 year,4567,True,True,True,None,True,True,Student,63581b1370cdcf60ef1b8856
164,63581b5cb5ccf54f42a3299d,Mayuresh,20,Male,U,College,3 year,1234,True,True,True,None,True,True,Student,63581b5bb5ccf54f42a3299a
165,63581b5cb5ccf54f42a3299e,Anmol,20,Male,U,College,3 year,2345,True,True,True,None,True,True,Student,63581b5bb5ccf54f42a3299a
166,63581b5cb5ccf54f42a3299f,Hemanth,20,Male,U,College,3 year,3456,True,True,True,None,True,True,Student,63581b5bb5ccf54f42a3299a
167,63581b5cb5ccf54f42a329a0,Gargi,20,Female,U,College,3 year,4567,True,True,True,None,True,True,Student,63581b5bb5ccf54f42a3299a
168,63581baab5ccf54f42a329af,Mayuresh,20,Male,U,College,3 year,1234,True,True,True,None,True,True,Student,63581ba9b5ccf54f42a329ac
169,63581baab5ccf54f42a329b0,Anmol,20,Male,U,College,3 year,2345,True,True,True,None,True,True,Student,63581ba9b5ccf54f42a329ac
170,63581baab5ccf54f42a329b1,Hemanth,20,Male,U,College,3 year,3456,True,True,True,None,True,True,Student,63581ba9b5ccf54f42a329ac
171,63581baab5ccf54f42a329b2,Gargi,20,Female,U,College,3 year,4567,True,True,True,None,True,True,Student,63581ba9b5ccf54f42a329ac
172,63581bbbbf490f104b895dc5,Mayuresh,20,Male,U,College,3 year,1234,True,True,True,None,True,True,Student,63581bbabf490f104b895dc2
173,63581bbbbf490f104b895dc6,Anmol,20,Male,U,College,3 year,2345,True,True,True,None,True,True,Student,63581bbabf490f104b895dc2
174,63581bbbbf490f104b895dc7,Hemanth,20,Male,U,College,3 year,3456,True,True,True,None,True,True,Student,63581bbabf490f104b895dc2
175,63581bbbbf490f104b895dc8,Gargi,20,Female,U,College,3 year,4567,True,True,True,None,True,True,Student,63581bbabf490f104b895dc2
176,63581daf2aac1bd215a799d1,Mayuresh,20,Male,U,College,3 year,1234,True,True,True,None,True,True,Student,63581dae2aac1bd215a799ce
177,63581daf2aac1bd215a799d2,Anmol,20,Male,U,College,3 year,2345,True,True,True,None,True,True,Student,63581dae2aac1bd215a799ce
178,63581daf2aac1bd215a799d3,Hemanth,20,Male,U,College,3 year,3456,True,True,True,None,True,True,Student,63581dae2aac1bd215a799ce
179,63581daf2aac1bd215a799d4,Gargi,20,Female,U,College,3 year,4567,True,True,True,None,True,True,Student,63581dae2aac1bd215a799ce
180,63581db061d20d666ebd254d,Mayuresh,20,Male,U,College,3 year,1234,True,True,True,None,True,True,Student,63581dab61d20d666ebd254a
181,63581db061d20d666ebd254e,Anmol,20,Male,U,College,3 year,2345,True,True,True,None,True,True,Student,63581dab61d20d666ebd254a
182,63581db061d20d666ebd254f,Hemanth,20,Male,U,College,3 year,3456,True,True,True,None,True,True,Student,63581dab61d20d666ebd254a
183,63581db061d20d666ebd2550,Gargi,20,Female,U,College,3 year,4567,True,True,True,None,True,True,Student,63581dab61d20d666ebd254a
184,63581db246a9930975397a69,Mayuresh,20,Male,U,College,3 year,1234,True,True,True,None,True,True,Student,63581db146a9930975397a66
185,63581db246a9930975397a6a,Anmol,20,Male,U,College,3 year,2345,True,True,True,None,True,True,Student,63581db146a9930975397a66
186,63581db246a9930975397a6b,Hemanth,20,Male,U,College,3 year,3456,True,True,True,None,True,True,Student,63581db146a9930975397a66
187,63581db246a9930975397a6c,Gargi,20,Female,U,College,3 year,4567,True,True,True,None,True,True,Student,63581db146a9930975397a66
188,63581db24bf561302fd40203,Mayuresh,20,Male,U,College,3 year,1234,True,True,True,None,True,True,Student,63581db180fbe76b2f1ac880
189,63581db24bf561302fd40204,Anmol,20,Male,U,College,3 year,2345,True,True,True,None,True,True,Student,63581db180fbe76b2f1ac880
190,63581db24bf561302fd40205,Hemanth,20,Male,U,College,3 year,3456,True,True,True,None,True,True,Student,63581db180fbe76b2f1ac880
191,63581db24bf561302fd40206,Gargi,20,Female,U,College,3 year,4567,True,True,True,None,True,True,Student,63581db180fbe76b2f1ac880
192,63581db280fbe76b2f1ac883,Mayuresh,20,Male,U,College,3 year,1234,True,True,True,None,True,True,Student,63581db180fbe76b2f1ac880
193,63581db280fbe76b2f1ac884,Anmol,20,Male,U,College,3 year,2345,True,True,True,None,True,True,Student,63581db180fbe76b2f1ac880
194,63581db280fbe76b2f1ac885,Hemanth,20,Male,U,College,3 year,3456,True,True,True,None,True,True,Student,63581db180fbe76b2f1ac880
195,63581db280fbe76b2f1ac886,Gargi,20,Female,U,College,3 year,4567,True,True,True,None,True,True,Student,63581db180fbe76b2f1ac880
196,635820704bf561302fd40219,Mayuresh,20,Male,U,College,3 year,1234,True,True,True,None,True,True,Student,6358206f4bf561302fd40216
197,635820704bf561302fd4021a,Anmol,20,Male,U,College,3 year,2345,True,True,True,None,True,True,Student,6358206f4bf561302fd40216
198,635820704bf561302fd4021b,Hemanth,20,Male,U,College,3 year,3456,True,True,True,None,True,True,Student,6358206f4bf561302fd40216
199,635820704bf561302fd4021c,Gargi,20,Female,U,College,3 year,4567,True,True,True,None,True,True,Student,6358206f4bf561302fd40216
200,63582071a73da3558e78da0b,Mayuresh,20,Male,U,College,3 year,1234,True,True,True,None,True,True,Student,63582070a73da3558e78da08
201,63582071a73da3558e78da0c,Anmol,20,Male,U,College,3 year,2345,True,True,True,None,True,True,Student,63582070a73da3558e78da08
202,63582071a73da3558e78da0d,Hemanth,20,Male,U,College,3 year,3456,True,True,True,None,True,True,Student,63582070a73da3558e78da08
203,63582071a73da3558e78da0e,Gargi,20,Female,U,College,3 year,4567,True,True,True,None,True,True,Student,63582070a73da3558e78da08
204,63582075daf9147a881d293f,Mayuresh,20,Male,U,College,3 year,1234,True,True,True,None,True,True,Student,63582074daf9147a881d293c
205,63582075daf9147a881d2940,Anmol,20,Male,U,College,3 year,2345,True,True,True,None,True,True,Student,63582074daf9147a881d293c
206,63582075daf9147a881d2941,Hemanth,20,Male,U,College,3 year,3456,True,True,True,None,True,True,Student,63582074daf9147a881d293c
207,63582075daf9147a881d2942,Gargi,20,Female,U,College,3 year,4567,True,True,True,None,True,True,Student,63582074daf9147a881d293c
208,635820751e260a56ab3bc082,Mayuresh,20,Male,U,College,3 year,1234,True,True,True,None,True,True,Student,63582074daf9147a881d293c
209,635820751e260a56ab3bc083,Anmol,20,Male,U,College,3 year,2345,True,True,True,None,True,True,Student,63582074daf9147a881d293c
210,635820751e260a56ab3bc084,Hemanth,20,Male,U,College,3 year,3456,True,True,True,None,True,True,Student,63582074daf9147a881d293c
211,635820751e260a56ab3bc085,Gargi,20,Female,U,College,3 year,4567,True,True,True,None,True,True,Student,63582074daf9147a881d293c
212,63582076941b002f4424b1e8,Mayuresh,20,Male,U,College,3 year,1234,True,True,True,None,True,True,Student,63582075941b002f4424b1e5
213,63582076941b002f4424b1e9,Anmol,20,Male,U,College,3 year,2345,True,True,True,None,True,True,Student,63582075941b002f4424b1e5
214,63582076941b002f4424b1ea,Hemanth,20,Male,U,College,3 year,3456,True,True,True,None,True,True,Student,63582075941b002f4424b1e5
215,63582076941b002f4424b1eb,Gargi,20,Female,U,College,3 year,4567,True,True,True,None,True,True,Student,63582075941b002f4424b1e5
216,6358207647f9eb86e30019e8,Mayuresh,20,Male,U,College,3 year,1234,True,True,True,None,True,True,Student,63582075941b002f4424b1e5
217,6358207647f9eb86e30019e9,Anmol,20,Male,U,College,3 year,2345,True,True,True,None,True,True,Student,63582075941b002f4424b1e5
218,6358207647f9eb86e30019ea,Hemanth,20,Male,U,College,3 year,3456,True,True,True,None,True,True,Student,63582075941b002f4424b1e5
219,6358207647f9eb86e30019eb,Gargi,20,Female,U,College,3 year,4567,True,True,True,None,True,True,Student,63582075941b002f4424b1e5
220,635820774072210b717d7176,Mayuresh,20,Male,U,College,3 year,1234,True,True,True,None,True,True,Student,635820764072210b717d7173
221,635820774072210b717d7177,Anmol,20,Male,U,College,3 year,2345,True,True,True,None,True,True,Student,635820764072210b717d7173
222,635820774072210b717d7178,Hemanth,20,Male,U,College,3 year,3456,True,True,True,None,True,True,Student,635820764072210b717d7173
223,635820774072210b717d7179,Gargi,20,Female,U,College,3 year,4567,True,True,True,None,True,True,Student,635820764072210b717d7173
224,635820773e0ed0491b66b3f0,Mayuresh,20,Male,U,College,3 year,1234,True,True,True,None,True,True,Student,635820764072210b717d7173
225,635820773e0ed0491b66b3f1,Anmol,20,Male,U,College,3 year,2345,True,True,True,None,True,True,Student,635820764072210b717d7173
226,635820773e0ed0491b66b3f2,Hemanth,20,Male,U,College,3 year,3456,True,True,True,None,True,True,Student,635820764072210b717d7173
227,635820773e0ed0491b66b3f3,Gargi,20,Female,U,College,3 year,4567,True,True,True,None,True,True,Student,635820764072210b717d7173
228,63582b532dcb5e7b99ff7f65,Mayuresh,20,Male,U,College,3 year,1234,True,True,True,None,True,True,Student,63582b532dcb5e7b99ff7f62
229,63582b532dcb5e7b99ff7f66,Anmol,20,Male,U,College,3 year,2345,True,True,True,None,True,True,Student,63582b532dcb5e7b99ff7f62
230,63582b532dcb5e7b99ff7f67,Hemanth,20,Male,U,College,3 year,3456,True,True,True,None,True,True,Student,63582b532dcb5e7b99ff7f62
231,63582b532dcb5e7b99ff7f68,Gargi,20,Female,U,College,3 year,4567,True,True,True,None,True,True,Student,63582b532dcb5e7b99ff7f62
232,63582c08ea95ff61fbc81437,Mayuresh,20,Male,U,College,3 year,1234,True,True,True,None,True,True,Student,63582c07ea95ff61fbc81434
233,63582c08ea95ff61fbc81438,Anmol,20,Male,U,College,3 year,2345,True,True,True,None,True,True,Student,63582c07ea95ff61fbc81434
234,63582c08ea95ff61fbc81439,Hemanth,20,Male,U,College,3 year,3456,True,True,True,None,True,True,Student,63582c07ea95ff61fbc81434
235,63582c08ea95ff61fbc8143a,Gargi,20,Female,U,College,3 year,4567,True,True,True,None,True,True,Student,63582c07ea95ff61fbc81434
236,63583eb535eaecc64110cf78,Mayuresh,20,Male,U,College,3 year,1234,True,True,True,None,True,True,Student,63583eb535eaecc64110cf75
237,63583eb535eaecc64110cf79,Anmol,20,Male,U,College,3 year,2345,True,True,True,None,True,True,Student,63583eb535eaecc64110cf75
238,63583eb535eaecc64110cf7a,Hemanth,20,Male,U,College,3 year,3456,True,True,True,None,True,True,Student,63583eb535eaecc64110cf75
239,63583eb535eaecc64110cf7b,Gargi,20,Female,U,College,3 year,4567,True,True,True,None,True,True,Student,63583eb535eaecc64110cf75
240,63583ef035eaecc64110cf8a,Mayuresh,20,Male,U,College,3 year,1234,True,True,True,None,True,True,Student,63583eef35eaecc64110cf87
241,63583ef035eaecc64110cf8b,Anmol,20,Male,U,College,3 year,2345,True,True,True,None,True,True,Student,63583eef35eaecc64110cf87
242,63583ef035eaecc64110cf8c,Hemanth,20,Male,U,College,3 year,3456,True,True,True,None,True,True,Student,63583eef35eaecc64110cf87
243,63583ef035eaecc64110cf8d,Gargi,20,Female,U,College,3 year,4567,True,True,True,None,True,True,Student,63583eef35eaecc64110cf87
244,63583f3635eaecc64110cf9c,Mayuresh,20,Male,U,College,3 year,1234,True,True,True,None,True,True,Student,63583f3535eaecc64110cf99
245,63583f3635eaecc64110cf9d,Anmol,20,Male,U,College,3 year,2345,True,True,True,None,True,True,Student,63583f3535eaecc64110cf99
246,63583f3635eaecc64110cf9e,Hemanth,20,Male,U,College,3 year,3456,True,True,True,None,True,True,Student,63583f3535eaecc64110cf99
247,63583f3635eaecc64110cf9f,Gargi,20,Female,U,College,3 year,4567,True,True,True,None,True,True,Student,63583f3535eaecc64110cf99
248,63583f7c35eaecc64110cfae,Mayuresh,20,Male,U,College,3 year,1234,True,True,True,None,True,True,Student,63583f7b35eaecc64110cfab
249,63583f7c35eaecc64110cfaf,Anmol,20,Male,U,College,3 year,2345,True,True,True,None,True,True,Student,63583f7b35eaecc64110cfab
250,63583f7c35eaecc64110cfb0,Hemanth,20,Male,U,College,3 year,3456,True,True,True,None,True,True,Student,63583f7b35eaecc64110cfab
251,63583f7c35eaecc64110cfb1,Gargi,20,Female,U,College,3 year,4567,True,True,True,None,True,True,Student,63583f7b35eaecc64110cfab
252,635fd6bf35bfb17ef5acbafe,Mayuresh,20,Male,U,College,3 year,1234,True,True,True,None,True,True,Student,635fd6be35bfb17ef5acbafb
253,635fd6bf35bfb17ef5acbaff,Anmol,20,Male,U,College,3 year,2345,True,True,True,None,True,True,Student,635fd6be35bfb17ef5acbafb
254,635fd6bf35bfb17ef5acbb00,Hemanth,20,Male,U,College,3 year,3456,True,True,True,None,True,True,Student,635fd6be35bfb17ef5acbafb
255,635fd6bf35bfb17ef5acbb01,Gargi,20,Female,U,College,3 year,4567,True,True,True,None,True,True,Student,635fd6be35bfb17ef5acbafb
256,635fdb8cd9e7a65e640a2eaa,Mayuresh,20,Male,U,College,3 year,1234,True,True,True,None,True,True,Student,635fdb8cd9e7a65e640a2ea7
257,635fdb8cd9e7a65e640a2eab,Anmol,20,Male,U,College,3 year,2345,True,True,True,None,True,True,Student,635fdb8cd9e7a65e640a2ea7
258,635fdb8cd9e7a65e640a2eac,Hemanth,20,Male,U,College,3 year,3456,True,True,True,None,True,True,Student,635fdb8cd9e7a65e640a2ea7
259,635fdb8cd9e7a65e640a2ead,Gargi,20,Female,U,College,3 year,4567,True,True,True,None,True,True,Student,635fdb8cd9e7a65e640a2ea7
260,635fdc46d9e7a65e640a2ebc,Mayuresh,20,Male,U,College,3 year,1234,True,True,True,None,True,True,Student,635fdc45d9e7a65e640a2eb9
261,635fdc46d9e7a65e640a2ebd,Anmol,20,Male,U,College,3 year,2345,True,True,True,None,True,True,Student,635fdc45d9e7a65e640a2eb9
262,635fdc46d9e7a65e640a2ebe,Hemanth,20,Male,U,College,3 year,3456,True,True,True,None,True,True,Student,635fdc45d9e7a65e640a2eb9
263,635fdc46d9e7a65e640a2ebf,Gargi,20,Female,U,College,3 year,4567,True,True,True,None,True,True,Student,635fdc45d9e7a65e640a2eb9
264,635fdd1dd9e7a65e640a2ece,Mayuresh,20,Male,U,College,3 year,1234,True,True,True,None,True,True,Student,635fdd1cd9e7a65e640a2ecb
265,635fdd1dd9e7a65e640a2ecf,Anmol,20,Male,U,College,3 year,2345,True,True,True,None,True,True,Student,635fdd1cd9e7a65e640a2ecb
266,635fdd1dd9e7a65e640a2ed0,Hemanth,20,Male,U,College,3 year,3456,True,True,True,None,True,True,Student,635fdd1cd9e7a65e640a2ecb
267,635fdd1dd9e7a65e640a2ed1,Gargi,20,Female,U,College,3 year,4567,True,True,True,None,True,True,Student,635fdd1cd9e7a65e640a2ecb
268,635fde88d9e7a65e640a2ee0,Mayuresh,20,Male,U,College,3 year,1234,True,True,True,None,True,True,Student,635fde87d9e7a65e640a2edd
269,635fde88d9e7a65e640a2ee1,Anmol,20,Male,U,College,3 year,2345,True,True,True,None,True,True,Student,635fde87d9e7a65e640a2edd
270,635fde88d9e7a65e640a2ee2,Hemanth,20,Male,U,College,3 year,3456,True,True,True,None,True,True,Student,635fde87d9e7a65e640a2edd
271,635fde88d9e7a65e640a2ee3,Gargi,20,Female,U,College,3 year,4567,True,True,True,None,True,True,Student,635fde87d9e7a65e640a2edd
272,6362809d38c35e7e6511e0bb,Mayuresh,20,Male,U,College,3 year,1234,True,True,True,None,True,True,Student,6362809d38c35e7e6511e0b8
273,6362809d38c35e7e6511e0bc,Anmol,20,Male,U,College,3 year,2345,True,True,True,None,True,True,Student,6362809d38c35e7e6511e0b8
274,6362809d38c35e7e6511e0bd,Hemanth,20,Male,U,College,3 year,3456,True,True,True,None,True,True,Student,6362809d38c35e7e6511e0b8
275,6362809d38c35e7e6511e0be,Gargi,20,Female,U,College,3 year,4567,True,True,True,None,True,True,Student,6362809d38c35e7e6511e0b8
276,6362820a57d5b378c58d213d,Mayuresh,20,Male,U,College,3 year,1234,True,True,True,None,True,True,Student,6362820957d5b378c58d213a
277,6362820a57d5b378c58d213e,Anmol,20,Male,U,College,3 year,2345,True,True,True,None,True,True,Student,6362820957d5b378c58d213a
278,6362820a57d5b378c58d213f,Hemanth,20,Male,U,College,3 year,3456,True,True,True,None,True,True,Student,6362820957d5b378c58d213a
279,6362820a57d5b378c58d2140,Gargi,20,Female,U,College,3 year,4567,True,True,True,None,True,True,Student,6362820957d5b378c58d213a
280,636283bbb49a50e9eb905b08,Mayuresh,20,Male,U,College,3 year,1234,True,True,True,None,True,True,Student,636283bab49a50e9eb905b05
281,636283bbb49a50e9eb905b09,Anmol,20,Male,U,College,3 year,2345,True,True,True,None,True,True,Student,636283bab49a50e9eb905b05
282,636283bbb49a50e9eb905b0a,Hemanth,20,Male,U,College,3 year,3456,True,True,True,None,True,True,Student,636283bab49a50e9eb905b05
283,636283bbb49a50e9eb905b0b,Gargi,20,Female,U,College,3 year,4567,True,True,True,None,True,True,Student,636283bab49a50e9eb905b05
284,636284a7b49a50e9eb905b1a,Mayuresh,20,Male,U,College,3 year,1234,True,True,True,None,True,True,Student,636284a7b49a50e9eb905b17
285,636284a7b49a50e9eb905b1b,Anmol,20,Male,U,College,3 year,2345,True,True,True,None,True,True,Student,636284a7b49a50e9eb905b17
286,636284a7b49a50e9eb905b1c,Hemanth,20,Male,U,College,3 year,3456,True,True,True,None,True,True,Student,636284a7b49a50e9eb905b17
287,636284a7b49a50e9eb905b1d,Gargi,20,Female,U,College,3 year,4567,True,True,True,None,True,True,Student,636284a7b49a50e9eb905b17
288,636284ad6e9efd07132e1e9c,Mayuresh,20,Male,U,College,3 year,1234,True,True,True,None,True,True,Student,636284ad6e9efd07132e1e99
289,636284ad6e9efd07132e1e9d,Anmol,20,Male,U,College,3 year,2345,True,True,True,None,True,True,Student,636284ad6e9efd07132e1e99
290,636284ad6e9efd07132e1e9e,Hemanth,20,Male,U,College,3 year,3456,True,True,True,None,True,True,Student,636284ad6e9efd07132e1e99
291,636284ad6e9efd07132e1e9f,Gargi,20,Female,U,College,3 year,4567,True,True,True,None,True,True,Student,636284ad6e9efd07132e1e99
292,6362b3a8a938d8bb573d9d13,Mayuresh,20,Male,U,College,3 year,1234,True,True,True,None,True,True,Student,6362b3a7a938d8bb573d9d10
293,6362b3a8a938d8bb573d9d14,Anmol,20,Male,U,College,3 year,2345,True,True,True,None,True,True,Student,6362b3a7a938d8bb573d9d10
294,6362b3a8a938d8bb573d9d15,Hemanth,20,Male,U,College,3 year,3456,True,True,True,None,True,True,Student,6362b3a7a938d8bb573d9d10
295,6362b3a8a938d8bb573d9d16,Gargi,20,Female,U,College,3 year,4567,True,True,True,None,True,True,Student,6362b3a7a938d8bb573d9d10
296,6362b5a19e124704968c4313,Mayuresh,20,Male,U,College,3 year,1234,True,True,True,None,True,True,Student,6362b5a09e124704968c4310
297,6362b5a19e124704968c4314,Anmol,20,Male,U,College,3 year,2345,True,True,True,None,True,True,Student,6362b5a09e124704968c4310
298,6362b5a19e124704968c4315,Hemanth,20,Male,U,College,3 year,3456,True,True,True,None,True,True,Student,6362b5a09e124704968c4310
299,6362b5a19e124704968c4316,Gargi,20,Female,U,College,3 year,4567,True,True,True,None,True,True,Student,6362b5a09e124704968c4310
300,6362b5d19e124704968c4325,Mayuresh,20,Male,U,College,3 year,1234,True,True,True,None,True,True,Student,6362b5d19e124704968c4322
301,6362b5d19e124704968c4326,Anmol,20,Male,U,College,3 year,2345,True,True,True,None,True,True,Student,6362b5d19e124704968c4322
302,6362b5d19e124704968c4327,Hemanth,20,Male,U,College,3 year,3456,True,True,True,None,True,True,Student,6362b5d19e124704968c4322
303,6362b5d19e124704968c4328,Gargi,20,Female,U,College,3 year,4567,True,True,True,None,True,True,Student,6362b5d19e124704968c4322
304,6362b6379e124704968c4337,Mayuresh,20,Male,U,College,3 year,1234,True,True,True,None,True,True,Student,6362b6369e124704968c4334
305,6362b6379e124704968c4338,Anmol,20,Male,U,College,3 year,2345,True,True,True,None,True,True,Student,6362b6369e124704968c4334
306,6362b6379e124704968c4339,Hemanth,20,Male,U,College,3 year,3456,True,True,True,None,True,True,Student,6362b6369e124704968c4334
307,6362b6379e124704968c433a,Gargi,20,Female,U,College,3 year,4567,True,True,True,None,True,True,Student,6362b6369e124704968c4334
308,6362b654d3e78e49f3a69fdb,Mayuresh,20,Male,U,College,3 year,1234,True,True,True,None,True,True,Student,6362b654d3e78e49f3a69fd8
309,6362b654d3e78e49f3a69fdc,Anmol,20,Male,U,College,3 year,2345,True,True,True,None,True,True,Student,6362b654d3e78e49f3a69fd8
310,6362b654d3e78e49f3a69fdd,Hemanth,20,Male,U,College,3 year,3456,True,True,True,None,True,True,Student,6362b654d3e78e49f3a69fd8
311,6362b654d3e78e49f3a69fde,Gargi,20,Female,U,College,3 year,4567,True,True,True,None,True,True,Student,6362b654d3e78e49f3a69fd8
312,6362d062fdf5235db89646a5,Mayuresh,20,Male,U,College,3 year,1234,True,True,True,None,True,True,Student,6362d061fdf5235db89646a2
313,6362d062fdf5235db89646a6,Anmol,20,Male,U,College,3 year,2345,True,True,True,None,True,True,Student,6362d061fdf5235db89646a2
314,6362d062fdf5235db89646a7,Hemanth,20,Male,U,College,3 year,3456,True,True,True,None,True,True,Student,6362d061fdf5235db89646a2
315,6362d062fdf5235db89646a8,Gargi,20,Female,U,College,3 year,4567,True,True,True,None,True,True,Student,6362d061fdf5235db89646a2
316,6362d0bcfdf5235db89646b7,Mayuresh,20,Male,U,College,3 year,1234,True,True,True,None,True,True,Student,6362d0bbfdf5235db89646b4
317,6362d0bcfdf5235db89646b8,Anmol,20,Male,U,College,3 year,2345,True,True,True,None,True,True,Student,6362d0bbfdf5235db89646b4
318,6362d0bcfdf5235db89646b9,Hemanth,20,Male,U,College,3 year,3456,True,True,True,None,True,True,Student,6362d0bbfdf5235db89646b4
319,6362d0bcfdf5235db89646ba,Gargi,20,Female,U,College,3 year,4567,True,True,True,None,True,True,Student,6362d0bbfdf5235db89646b4
320,636638b8bb2a3fccd3b0f72c,Mayuresh,20,Male,U,College,3 year,1234,True,True,True,None,True,True,Student,636638b7bb2a3fccd3b0f729
321,636638b8bb2a3fccd3b0f72d,Anmol,20,Male,U,College,3 year,2345,True,True,True,None,True,True,Student,636638b7bb2a3fccd3b0f729
322,636638b8bb2a3fccd3b0f72e,Hemanth,20,Male,U,College,3 year,3456,True,True,True,None,True,True,Student,636638b7bb2a3fccd3b0f729
323,636638b8bb2a3fccd3b0f72f,Gargi,20,Female,U,College,3 year,4567,True,True,True,None,True,True,Student,636638b7bb2a3fccd3b0f729
324,6367a562933776dfd090a2dc,Mayuresh,20,Male,U,College,3 year,1234,True,True,True,None,True,True,Student,6367a561933776dfd090a2d9
325,6367a562933776dfd090a2dd,Anmol,20,Male,U,College,3 year,2345,True,True,True,None,True,True,Student,6367a561933776dfd090a2d9
326,6367a562933776dfd090a2de,Hemanth,20,Male,U,College,3 year,3456,True,True,True,None,True,True,Student,6367a561933776dfd090a2d9
327,6367a562933776dfd090a2df,Gargi,20,Female,U,College,3 year,4567,True,True,True,None,True,True,Student,6367a561933776dfd090a2d9
328,6367a646df1e500dcec48089,Mayuresh,20,Male,U,College,3 year,1234,True,True,True,None,True,True,Student,6367a645df1e500dcec48086
329,6367a646df1e500dcec4808a,Anmol,20,Male,U,College,3 year,2345,True,True,True,None,True,True,Student,6367a645df1e500dcec48086
330,6367a646df1e500dcec4808b,Hemanth,20,Male,U,College,3 year,3456,True,True,True,None,True,True,Student,6367a645df1e500dcec48086
331,6367a646df1e500dcec4808c,Gargi,20,Female,U,College,3 year,4567,True,True,True,None,True,True,Student,6367a645df1e500dcec48086
332,6367a9f0fd8b1d8275a40e7f,Mayuresh,20,Male,U,College,3 year,1234,True,True,True,None,True,True,Student,6367a9effd8b1d8275a40e7c
333,6367a9f0fd8b1d8275a40e80,Anmol,20,Male,U,College,3 year,2345,True,True,True,None,True,True,Student,6367a9effd8b1d8275a40e7c
334,6367a9f0fd8b1d8275a40e81,Hemanth,20,Male,U,College,3 year,3456,True,True,True,None,True,True,Student,6367a9effd8b1d8275a40e7c
335,6367a9f0fd8b1d8275a40e82,Gargi,20,Female,U,College,3 year,4567,True,True,True,None,True,True,Student,6367a9effd8b1d8275a40e7c
336,6367ab91fd8b1d8275a40e91,Mayuresh,20,Male,U,College,3 year,1234,True,True,True,None,True,True,Student,6367ab90fd8b1d8275a40e8e
337,6367ab91fd8b1d8275a40e92,Anmol,20,Male,U,College,3 year,2345,True,True,True,None,True,True,Student,6367ab90fd8b1d8275a40e8e
338,6367ab91fd8b1d8275a40e93,Hemanth,20,Male,U,College,3 year,3456,True,True,True,None,True,True,Student,6367ab90fd8b1d8275a40e8e
339,6367ab91fd8b1d8275a40e94,Gargi,20,Female,U,College,3 year,4567,True,True,True,None,True,True,Student,6367ab90fd8b1d8275a40e8e
340,6367abdffd8b1d8275a40ea3,Mayuresh,20,Male,U,College,3 year,1234,True,True,True,None,True,True,Student,6367abdefd8b1d8275a40ea0
341,6367abdffd8b1d8275a40ea4,Anmol,20,Male,U,College,3 year,2345,True,True,True,None,True,True,Student,6367abdefd8b1d8275a40ea0
342,6367abdffd8b1d8275a40ea5,Hemanth,20,Male,U,College,3 year,3456,True,True,True,None,True,True,Student,6367abdefd8b1d8275a40ea0
343,6367abdffd8b1d8275a40ea6,Gargi,20,Female,U,College,3 year,4567,True,True,True,None,True,True,Student,6367abdefd8b1d8275a40ea0
344,6367ac01fd8b1d8275a40eb5,Mayuresh,20,Male,U,College,3 year,1234,True,True,True,None,True,True,Student,6367ac00fd8b1d8275a40eb2
345,6367ac01fd8b1d8275a40eb6,Anmol,20,Male,U,College,3 year,2345,True,True,True,None,True,True,Student,6367ac00fd8b1d8275a40eb2
346,6367ac01fd8b1d8275a40eb7,Hemanth,20,Male,U,College,3 year,3456,True,True,True,None,True,True,Student,6367ac00fd8b1d8275a40eb2
347,6367ac01fd8b1d8275a40eb8,Gargi,20,Female,U,College,3 year,4567,True,True,True,None,True,True,Student,6367ac00fd8b1d8275a40eb2
348,6367e5923d3fae3682537014,Mayuresh,20,Male,U,College,3 year,1234,True,True,True,None,True,True,Student,6367e5913d3fae3682537011
349,6367e5923d3fae3682537015,Anmol,20,Male,U,College,3 year,2345,True,True,True,None,True,True,Student,6367e5913d3fae3682537011
350,6367e5923d3fae3682537016,Hemanth,20,Male,U,College,3 year,3456,True,True,True,None,True,True,Student,6367e5913d3fae3682537011
351,6367e5923d3fae3682537017,Gargi,20,Female,U,College,3 year,4567,True,True,True,None,True,True,Student,6367e5913d3fae3682537011
352,6367e772f4149573362e77e4,Mayuresh,20,Male,U,College,3 year,1234,True,True,True,None,True,True,Student,6367e771f4149573362e77e1
353,6367e772f4149573362e77e5,Anmol,20,Male,U,College,3 year,2345,True,True,True,None,True,True,Student,6367e771f4149573362e77e1
354,6367e772f4149573362e77e6,Hemanth,20,Male,U,College,3 year,3456,True,True,True,None,True,True,Student,6367e771f4149573362e77e1
355,6367e772f4149573362e77e7,Gargi,20,Female,U,College,3 year,4567,True,True,True,None,True,True,Student,6367e771f4149573362e77e1
356,6367ed3c38ba0acbd8c4b5c2,Mayuresh,20,Male,U,College,3 year,1234,True,True,True,None,True,True,Student,6367ed3b38ba0acbd8c4b5bf
357,6367ed3c38ba0acbd8c4b5c3,Anmol,20,Male,U,College,3 year,2345,True,True,True,None,True,True,Student,6367ed3b38ba0acbd8c4b5bf
358,6367ed3c38ba0acbd8c4b5c4,Hemanth,20,Male,U,College,3 year,3456,True,True,True,None,True,True,Student,6367ed3b38ba0acbd8c4b5bf
359,6367ed3c38ba0acbd8c4b5c5,Gargi,20,Female,U,College,3 year,4567,True,True,True,None,True,True,Student,6367ed3b38ba0acbd8c4b5bf
360,6367f3aec41d084d436637b6,Mayuresh,20,Male,U,College,3 year,1234,True,True,True,None,True,True,Student,6367f3adc41d084d436637b3
361,6367f3aec41d084d436637b7,Anmol,20,Male,U,College,3 year,2345,True,True,True,None,True,True,Student,6367f3adc41d084d436637b3
362,6367f3aec41d084d436637b8,Hemanth,20,Male,U,College,3 year,3456,True,True,True,None,True,True,Student,6367f3adc41d084d436637b3
363,6367f3aec41d084d436637b9,Gargi,20,Female,U,College,3 year,4567,True,True,True,None,True,True,Student,6367f3adc41d084d436637b3
364,6367f3bcc41d084d436637c8,Mayuresh,20,Male,U,College,3 year,1234,True,True,True,None,True,True,Student,6367f3bbc41d084d436637c5
365,6367f3bcc41d084d436637c9,Anmol,20,Male,U,College,3 year,2345,True,True,True,None,True,True,Student,6367f3bbc41d084d436637c5
366,6367f3bcc41d084d436637ca,Hemanth,20,Male,U,College,3 year,3456,True,True,True,None,True,True,Student,6367f3bbc41d084d436637c5
367,6367f3bcc41d084d436637cb,Gargi,20,Female,U,College,3 year,4567,True,True,True,None,True,True,Student,6367f3bbc41d084d436637c5
368,6367f44dc41d084d436637da,Mayuresh,20,Male,U,College,3 year,1234,True,True,True,None,True,True,Student,6367f44cc41d084d436637d7
369,6367f44dc41d084d436637db,Anmol,20,Male,U,College,3 year,2345,True,True,True,None,True,True,Student,6367f44cc41d084d436637d7
370,6367f44dc41d084d436637dc,Hemanth,20,Male,U,College,3 year,3456,True,True,True,None,True,True,Student,6367f44cc41d084d436637d7
371,6367f44dc41d084d436637dd,Gargi,20,Female,U,College,3 year,4567,True,True,True,None,True,True,Student,6367f44cc41d084d436637d7
372,6367f47dc41d084d436637ec,Mayuresh,20,Male,U,College,3 year,1234,True,True,True,None,True,True,Student,6367f47cc41d084d436637e9
373,6367f47dc41d084d436637ed,Anmol,20,Male,U,College,3 year,2345,True,True,True,None,True,True,Student,6367f47cc41d084d436637e9
374,6367f47dc41d084d436637ee,Hemanth,20,Male,U,College,3 year,3456,True,True,True,None,True,True,Student,6367f47cc41d084d436637e9
375,6367f47dc41d084d436637ef,Gargi,20,Female,U,College,3 year,4567,True,True,True,None,True,True,Student,6367f47cc41d084d436637e9
376,636a6cd7228e8a3c98a6def3,Mayuresh,20,Male,U,College,3 year,1234,True,True,True,None,True,True,Student,636a6cd6228e8a3c98a6def0
377,636a6cd7228e8a3c98a6def4,Anmol,20,Male,U,College,3 year,2345,True,True,True,None,True,True,Student,636a6cd6228e8a3c98a6def0
378,636a6cd7228e8a3c98a6def5,Hemanth,20,Male,U,College,3 year,3456,True,True,True,None,True,True,Student,636a6cd6228e8a3c98a6def0
379,636a6cd7228e8a3c98a6def6,Gargi,20,Female,U,College,3 year,4567,True,True,True,None,True,True,Student,636a6cd6228e8a3c98a6def0
380,636a6d44228e8a3c98a6df06,Mayuresh,20,Male,U,College,3 year,1234,True,True,True,None,True,True,Student,636a6d44228e8a3c98a6df03
381,636a6d44228e8a3c98a6df07,Anmol,20,Male,U,College,3 year,2345,True,True,True,None,True,True,Student,636a6d44228e8a3c98a6df03
382,636a6d44228e8a3c98a6df08,Hemanth,20,Male,U,College,3 year,3456,True,True,True,None,True,True,Student,636a6d44228e8a3c98a6df03
383,636a6d44228e8a3c98a6df09,Gargi,20,Female,U,College,3 year,4567,True,True,True,None,True,True,Student,636a6d44228e8a3c98a6df03
384,636a6db8228e8a3c98a6df18,Mayuresh,20,Male,U,College,3 year,1234,True,True,True,None,True,True,Student,636a6db7228e8a3c98a6df15
385,636a6db8228e8a3c98a6df19,Anmol,20,Male,U,College,3 year,2345,True,True,True,None,True,True,Student,636a6db7228e8a3c98a6df15
386,636a6db8228e8a3c98a6df1a,Hemanth,20,Male,U,College,3 year,3456,True,True,True,None,True,True,Student,636a6db7228e8a3c98a6df15
387,636a6db8228e8a3c98a6df1b,Gargi,20,Female,U,College,3 year,4567,True,True,True,None,True,True,Student,636a6db7228e8a3c98a6df15
388,636a6e5d228e8a3c98a6df2a,Mayuresh,20,Male,U,College,3 year,1234,True,True,True,None,True,True,Student,636a6e5d228e8a3c98a6df27
389,636a6e5d228e8a3c98a6df2b,Anmol,20,Male,U,College,3 year,2345,True,True,True,None,True,True,Student,636a6e5d228e8a3c98a6df27
390,636a6e5d228e8a3c98a6df2c,Hemanth,20,Male,U,College,3 year,3456,True,True,True,None,True,True,Student,636a6e5d228e8a3c98a6df27
391,636a6e5d228e8a3c98a6df2d,Gargi,20,Female,U,College,3 year,4567,True,True,True,None,True,True,Student,636a6e5d228e8a3c98a6df27
392,636a7370225be88355ea91bb,Mayuresh,20,Male,U,College,3 year,1234,True,True,True,None,True,True,Student,636a736f225be88355ea91b8
393,636a7370225be88355ea91bc,Anmol,20,Male,U,College,3 year,2345,True,True,True,None,True,True,Student,636a736f225be88355ea91b8
394,636a7370225be88355ea91bd,Hemanth,20,Male,U,College,3 year,3456,True,True,True,None,True,True,Student,636a736f225be88355ea91b8
395,636a7370225be88355ea91be,Gargi,20,Female,U,College,3 year,4567,True,True,True,None,True,True,Student,636a736f225be88355ea91b8
396,636a7476225be88355ea91cd,Mayuresh,20,Male,U,College,3 year,1234,True,True,True,None,True,True,Student,636a7475225be88355ea91ca
397,636a7476225be88355ea91ce,Anmol,20,Male,U,College,3 year,2345,True,True,True,None,True,True,Student,636a7475225be88355ea91ca
398,636a7476225be88355ea91cf,Hemanth,20,Male,U,College,3 year,3456,True,True,True,None,True,True,Student,636a7475225be88355ea91ca
399,636a7476225be88355ea91d0,Gargi,20,Female,U,College,3 year,4567,True,True,True,None,True,True,Student,636a7475225be88355ea91ca
400,636a749f225be88355ea91df,Mayuresh,20,Male,U,College,3 year,1234,True,True,True,None,True,True,Student,636a749f225be88355ea91dc
401,636a749f225be88355ea91e0,Anmol,20,Male,U,College,3 year,2345,True,True,True,None,True,True,Student,636a749f225be88355ea91dc
402,636a749f225be88355ea91e1,Hemanth,20,Male,U,College,3 year,3456,True,True,True,None,True,True,Student,636a749f225be88355ea91dc
403,636a749f225be88355ea91e2,Gargi,20,Female,U,College,3 year,4567,True,True,True,None,True,True,Student,636a749f225be88355ea91dc
404,636a7511225be88355ea91f1,Mayuresh,20,Male,U,College,3 year,1234,True,True,True,None,True,True,Student,636a7511225be88355ea91ee
405,636a7511225be88355ea91f2,Anmol,20,Male,U,College,3 year,2345,True,True,True,None,True,True,Student,636a7511225be88355ea91ee
406,636a7511225be88355ea91f3,Hemanth,20,Male,U,College,3 year,3456,True,True,True,None,True,True,Student,636a7511225be88355ea91ee
407,636a7511225be88355ea91f4,Gargi,20,Female,U,College,3 year,4567,True,True,True,None,True,True,Student,636a7511225be88355ea91ee
408,6370007a203f856915867c67,Mayuresh,20,Male,U,College,3 year,1234,True,True,True,None,True,True,Student,63700079203f856915867c64
409,6370007a203f856915867c68,Anmol,20,Male,U,College,3 year,2345,True,True,True,None,True,True,Student,63700079203f856915867c64
410,6370007a203f856915867c69,Hemanth,20,Male,U,College,3 year,3456,True,True,True,None,True,True,Student,63700079203f856915867c64
411,6370007a203f856915867c6a,Gargi,20,Female,U,College,3 year,4567,True,True,True,None,True,True,Student,63700079203f856915867c64
